feature,coefficient
minimum_nights,0.00012974221638802988
number_of_reviews,-0.15611806178443113
reviews_per_month,-4.561602541317119
availability_365,0.06853618497931505
estimated_booked_days,-0.06853618497930433
